{
  "CA": {
    "earthquake": {
      "0.33": [
        {
          "time": 1595896890580
        }
      ],
      "2.57": [
        {
          "time": 1595896193300
        }
      ]
    },
    "quarry blast": {
      "1.47": [
        {
          "time": 1595892301690
        }
      ],
      "1.65": [
        {
          "time": 1595873230080
        }
      ]
    }
  },
  "Hawaii": {
    "earthquake": {
      "1.72000003": [
        {
          "time": 1595895952340
        }
      ],
      "1.91": [
        {
          "time": 1595895615650
        }
      ],
      "0.32": [
        {
          "time": 1595842183020
        }
      ],
      "0.56": [
        {
          "time": 1595843290830
        }
      ],
      "0.78": [
        {
          "time": 1595822217400
        }
      ]
    }
  },
  "Nevada": {
    "earthquake": {
      "0.7": [
        {
          "time": 1595811771390
        }
      ]
    }
  },
  "Chagos Archipelago region": {
    "earthquake": {
      "5.3": [
        {
          "time": 1595893024686
        }
      ],
      "1.95000005": [
        {
          "time": 1595892947600
        }
      ]
    }
  },
  "Argentina": {
    "earthquake": {
      "1": [
        {
          "time": 1595870597130
        }
      ],
      "4.4": [
        {
          "time": 1595892311360
        }
      ],
      "0.6": [
        {
          "time": 1595824800430
        }
      ]
    }
  },
  "Alaska": {
    "earthquake": {
      "1.6": [
        {
          "time": 1595812309176
        }
      ]
    }
  },
  "northern Alaska": {
    "earthquake": {
      "2.2": [
        {
          "time": 1595839261610
        }
      ],
      "2.9": [
        {
          "time": 1595890688282
        }
      ],
      "0.8": [
        {
          "time": 1595811975590
        }
      ],
      "1.84": [
        {
          "time": 1595889719370
        }
      ],
      "2.13": [
        {
          "time": 1595889555390
        }
      ],
      "0.77": [
        {
          "time": 1595842155170
        }
      ],
      "1.8": [
        {
          "time": 1595834667807
        }
      ],
      "1.82": [
        {
          "time": 1595888981210
        }
      ],
      "1.5": [
        {
          "time": 1595816072870
        }
      ],
      "0.49": [
        {
          "time": 1595888013970
        }
      ]
    }
  },
  "Montana": {
    "earthquake": {
      "-0.58": [
        {
          "time": 1595887686710
        }
      ],
      "0.98": [
        {
          "time": 1595887226750
        }
      ],
      "2.1": [
        {
          "time": 1595836779770
        }
      ],
      "0.25": [
        {
          "time": 1595886649030
        }
      ],
      "3.5": [
        {
          "time": 1595886253544
        }
      ],
      "1.2": [
        {
          "time": 1595818794061
        }
      ],
      "1.07": [
        {
          "time": 1595884868820
        }
      ],
      "3.7": [
        {
          "time": 1595884811520
        }
      ],
      "0.31": [
        {
          "time": 1595847017200
        }
      ]
    }
  },
  "Puerto Rico": {
    "earthquake": {
      "2.96": [
        {
          "time": 1595884079260
        }
      ],
      "0.58": [
        {
          "time": 1595849876300
        }
      ],
      "1.1": [
        {
          "time": 1595883617130
        }
      ],
      "0.67": [
        {
          "time": 1595838485650
        }
      ],
      "1.3": [
        {
          "time": 1595813474129
        }
      ],
      "1.83": [
        {
          "time": 1595881252830
        }
      ],
      "2.17": [
        {
          "time": 1595881013450
        }
      ],
      "1.52": [
        {
          "time": 1595879839980
        }
      ],
      "1.14": [
        {
          "time": 1595839288850
        }
      ],
      "1.24": [
        {
          "time": 1595879386580
        }
      ],
      "1.9": [
        {
          "time": 1595825565800
        }
      ],
      "2.8": [
        {
          "time": 1595878588471
        }
      ],
      "5.5": [
        {
          "time": 1595878479068
        }
      ],
      "1.27": [
        {
          "time": 1595836703280
        }
      ],
      "1.48": [
        {
          "time": 1595838485450
        }
      ]
    }
  },
  "Utah": {
    "earthquake": {
      "3": [
        {
          "time": 1595839825925
        }
      ],
      "2.42": [
        {
          "time": 1595878015070
        }
      ],
      "0.37": [
        {
          "time": 1595877207200
        }
      ],
      "1.63": [
        {
          "time": 1595812275570
        }
      ],
      "2.5": [
        {
          "time": 1595827592671
        }
      ],
      "-0.14": [
        {
          "time": 1595876089770
        }
      ],
      "0.73": [
        {
          "time": 1595855379340
        }
      ]
    }
  },
  "Central Alaska": {
    "earthquake": {
      "2": [
        {
          "time": 1595845384742
        }
      ],
      "1.1": [
        {
          "time": 1595812248274
        }
      ],
      "0.4": [
        {
          "time": 1595837198530
        }
      ],
      "1.98": [
        {
          "time": 1595875156600
        }
      ],
      "3.2": [
        {
          "time": 1595875007454
        }
      ],
      "0.65": [
        {
          "time": 1595832319530
        }
      ],
      "2.7": [
        {
          "time": 1595820507243
        }
      ]
    }
  },
  "Idaho": {
    "earthquake": {
      "2.63": [
        {
          "time": 1595874105160
        }
      ],
      "0.34": [
        {
          "time": 1595873797490
        }
      ],
      "1.11": [
        {
          "time": 1595861513730
        }
      ],
      "1.34": [
        {
          "time": 1595873131380
        }
      ],
      "1.05": [
        {
          "time": 1595862314540
        }
      ],
      "1.97": [
        {
          "time": 1595871458160
        }
      ]
    }
  },
  "Philippines": {
    "earthquake": {
      "5.8": [
        {
          "time": 1595871164935
        }
      ],
      "0.42": [
        {
          "time": 1595844257750
        }
      ]
    }
  },
  "Tennessee": {
    "earthquake": {
      "2.44": [
        {
          "time": 1595870570950
        }
      ],
      "1.4": [
        {
          "time": 1595818267539
        }
      ],
      "-0.25": [
        {
          "time": 1595869789270
        }
      ],
      "0.54": [
        {
          "time": 1595814709340
        }
      ],
      "1.31": [
        {
          "time": 1595849143120
        }
      ],
      "0.84": [
        {
          "time": 1595845095000
        }
      ],
      "1.7": [
        {
          "time": 1595819964470
        }
      ],
      "2.1500001": [
        {
          "time": 1595867507740
        }
      ],
      "0.88": [
        {
          "time": 1595855752820
        }
      ],
      "0.44": [
        {
          "time": 1595866521770
        }
      ],
      "0.43": [
        {
          "time": 1595866354240
        }
      ],
      "1.44": [
        {
          "time": 1595844846250
        }
      ],
      "4.67": [
        {
          "time": 1595865956380
        }
      ],
      "1.06": [
        {
          "time": 1595824996850
        }
      ]
    }
  },
  "Dominican Republic": {
    "earthquake": {
      "3.4": [
        {
          "time": 1595827334130
        }
      ],
      "0.9": [
        {
          "time": 1595825210170
        }
      ],